TmFtZQ U2NpZW50aWZpYw,TmFtZQ Q29tbW9u,RmFtaWx5,"RW5kYW5nZXJlZA

- WWVz
- Tm8","UmFyZQ

- WWVz
- Tm8","Rm9ybQ R3Jvd3Ro

- RmVybg
- Rm9yYg
- R3JhbWlub2lk
- U2hydWI
- VHJlZQ","QmVoYXZpb3I U3RvcmFnZQ U2VlZA

- SW50ZXJtZWRpYXRl
- T3J0aG9kb3g
- UmVjYWxjaXRyYW50
- VW5rbm93bg","KGNvbW1hLXNlcGFyYXRlZCk VHlwZXM RWNvc3lzdGVt

- Zm9yZXN0cy9UYWlnYQ Qm9yZWFs
- c2hydWJsYW5kcw eGVyaWM YW5k RGVzZXJ0cw
- c2F2YW5uYXM YW5k Z3Jhc3NsYW5kcw Rmxvb2RlZA
- TWFuZ3JvdmVz
- c2NydWJz YW5k d29vZGxhbmRz Zm9yZXN0cyw TWVkaXRlcnJhbmVhbg
- c2hydWJsYW5kcw YW5k Z3Jhc3NsYW5kcw TW9udGFuZQ
- Zm9yZXN0cw bWl4ZWQ YW5k bGVhZg YnJvYWQ VGVtcGVyYXRl
- Zm9yZXN0 Y29uaWZlcm91cw VGVtcGVyYXRl
- c2hydWJsYW5kcw YW5k c2F2YW5uYXM Z3Jhc3NsYW5kcyw VGVtcGVyYXRl
- Zm9yZXN0cw Y29uaWZlcm91cw c3VidHJvcGljYWw YW5k VHJvcGljYWw
- Zm9yZXN0cw bGVhZg YnJvYWQ ZHJ5 c3VidHJvcGljYWw YW5k VHJvcGljYWw
- c2hydWJsYW5kcw YW5k c2F2YW5uYXM Z3Jhc3NsYW5kcyw c3VidHJvcGljYWw YW5k VHJvcGljYWw
- Zm9yZXN0cw bGVhZg YnJvYWQ bW9pc3Q c3VidHJvcGljYWw YW5k VHJvcGljYWw
- VHVuZHJh"
